{
    "stage_info_list": [
        {
            "id": 0,
            "block_list": [
                {
                    "x": 0.49,
                    "y": 0.1,
                    "r": 0
                },
                {
                    "x": 0.55,
                    "y": 0.3,
                    "r": 90
                },
                {
                    "x": 0.6,
                    "y": 0.1,
                    "r": 0
                },
                {
                    "x": 0.64,
                    "y": 0.1,
                    "r": 0
                },
                {
                    "x": 0.7,
                    "y": 0.3,
                    "r": 90
                },
                {
                    "x": 0.76,
                    "y": 0.1,
                    "r": 0
                }
            ]
        },
        {
            "id": 1,
            "block_list": [
                {
                    "x": 0.6,
                    "y": 0.1,
                    "r": 0
                },
                {
                    "x": 0.8,
                    "y": 0.1,
                    "r": 0
                },
                {
                    "x": 0.75,
                    "y": 0.3,
                    "r": 90
                }
            ]
        },
        {
            "id": 2,
            "block_list": [

            ]
        }
    ]
}
